Region,NAICS,Coal,Coke_and_breeze,Diesel,LPG_NGL,Natural_gas,Net_electricity,Other,Residual_fuel_oil,Total
Midwest Census Region,311,106.64729058599985,3.6494625549999995,-2.420486964999985,0.7143015029999873,92.59576729099786,12.199048668005943,-4.7970062669999045,NaN,211.33164505399736
Midwest Census Region,312,5.431584718999964,0.0,NaN,NaN,3.9551906389999445,0.336860995000019,NaN,0.005467377,11.670205586999888
Midwest Census Region,313,0.0,0.0,NaN,NaN,-0.24706544700000066,-0.295558301,NaN,0.0,-0.05020584899999947
Midwest Census Region,314,0.0,0.0,0.0,NaN,NaN,0.0,0.0,0.0,NaN
Midwest Census Region,315,0.0,0.0,0.0,0.0,NaN,NaN,0.0,0.0,NaN
Midwest Census Region,316,0.0,0.0,0.16241315400000006,NaN,-0.07926344399999863,-0.7701589469999999,0.22679075699999968,0.0,0.7459410930000008
Midwest Census Region,321,0.7626167469999989,0.0,0.7339639539999792,-0.27291397700000164,-3.8425608149999455,-0.694735184999951,13.162321080999657,0.0,11.848675336999726
Midwest Census Region,322,16.407105293999912,0.0,-0.4807298779999999,-0.5423184889999997,33.40220755200032,12.095831786999767,-50.896357867999974,NaN,10.23507484099963
Midwest Census Region,323,0.0,0.0,NaN,NaN,-1.008334823000018,0.9960385040001754,NaN,0.0,0.46285462000025746
Midwest Census Region,324,1.0431423100000008,0.0,-0.618456839,-18.80226393,-60.30976793200021,4.501616927000178,-60.66284650400013,NaN,-134.79134556699933
Midwest Census Region,325,-48.562648890999355,0.0,-0.1253220370000132,6.969674590000011,130.90534591599533,7.236593586002215,19.001808376000938,0.0,115.42543893600896
Midwest Census Region,326,0.0,0.0,NaN,-0.062085863999998825,3.9401703030003787,4.877927663999429,0.0,0.0,8.970995283997993
Midwest Census Region,327,-14.021537290000055,-8.847834131,1.102834649000037,-0.978415646,26.579778559997862,-6.197198239999679,-1.3293508759999924,0.0,-3.691749261001007
Midwest Census Region,331,55.14657995499995,-236.222463464,-1.2046145749999981,-0.6190759670000012,18.67543863300233,167.3613107220005,-13.355737746999978,NaN,-9.74944430499329
Midwest Census Region,332,0.479715909,0.0,NaN,-1.923840216000039,-25.29307264100089,-0.7382222780014445,NaN,0.0,-27.950610066989753
Midwest Census Region,333,NaN,0.464726841,-1.3575687889999548,0.0262526159999652,8.828308751997227,2.6932641739985215,0.11657039300001992,0.2420346639999986,10.373204384992292
Midwest Census Region,334,0.0,0.0,NaN,NaN,NaN,0.15308841199986745,NaN,0.0,-4.651597263999658
Midwest Census Region,335,0.0,0.0,NaN,NaN,6.358085046999916,-0.4698785310000879,NaN,0.0,5.585910571000042
Midwest Census Region,336,2.1786710159999534,NaN,-1.158972195000001,0.8815881470000348,36.349288901002254,10.850620560998053,-0.43787588900000296,NaN,49.098267678997644
Midwest Census Region,337,NaN,0.0,NaN,0.0,-3.03934907300006,0.11706364800014146,NaN,0.0,-1.0705297179999658
Midwest Census Region,339,0.25542848900000764,0.0,NaN,NaN,-2.883653279999959,-3.7049299459999796,NaN,0.0,-6.558518330000144
Midwest Census Region,3112,103.26771479600046,3.535454545,-0.8838898079999999,NaN,35.40937117300007,6.22242398800006,-12.676122980999974,NaN,136.04749850799863
Midwest Census Region,3114,1.079867573999999,0.0,NaN,NaN,3.370368809999995,-1.374482498999992,0.19742484400000326,0.0,3.533713221000042
Midwest Census Region,3115,NaN,0.0,-0.2845209079999992,NaN,2.613768067000013,-1.6299551559999923,0.3023259710000006,NaN,2.2289794660000695
Midwest Census Region,3116,0.0,0.0,-0.953124661,NaN,17.833340573000754,4.049253598999766,2.5147966280000063,NaN,23.3798235459993
Midwest Census Region,3121,5.431584718999964,0.0,NaN,NaN,3.6741436699999603,0.12120405700001946,NaN,0.005467377,10.957616816999899
Midwest Census Region,3122,0.0,0.0,0.0,0.21588486300000007,NaN,NaN,0.0,0.0,NaN
Midwest Census Region,3212,0.7626167469999989,0.0,NaN,NaN,-0.7580785050000003,0.27972113600000625,-0.2129901889999921,0.0,-0.573832119999981
Midwest Census Region,3219,0.0,0.0,NaN,NaN,-2.0126726709999687,0.12495846299994096,NaN,0.0,-3.8376912989998253
Midwest Census Region,3254,3.070267689000004,0.0,NaN,NaN,6.542196189999981,1.3077989110000114,-0.9145261319999962,0.0,10.006380623000084
Midwest Census Region,3312,0.0,0.0,NaN,0.0,6.708942894000014,-2.1356008179999995,NaN,0.0,11.073151429000063
Midwest Census Region,3313,58.527708999999994,0.0,NaN,NaN,8.979390565999992,166.83428322799998,-1.365786698,0.0,232.30072136800015
Midwest Census Region,3314,0.0,-0.5770046519999998,NaN,0.30504454299999884,1.8266741910000395,2.3601731150000163,NaN,0.0,4.175520870000021
Midwest Census Region,3315,NaN,-1.7099100279999941,NaN,NaN,2.626464725000062,2.3431104589999983,NaN,0.0,2.5858520049998646
Midwest Census Region,3364,0.0,0.0,NaN,NaN,3.920404938000008,1.649096864999981,0.7337309400000016,NaN,6.162186741000035
Midwest Census Region,31131,-0.9567152710000002,0.11400801000000005,NaN,NaN,3.7113239369999995,1.2446102740000002,NaN,NaN,5.396644997999992
Midwest Census Region,311221,97.57585125300002,3.535454545,NaN,NaN,39.27472019200002,6.226969199999985,-5.7821189219999996,0.0,141.00324288600007
Midwest Census Region,321113,0.0,0.0,0.5317926019999994,NaN,-0.07180963900000192,-0.09941478399999903,15.482116189999964,0.0,17.044623556999944
Midwest Census Region,321219,0.7626167469999989,0.0,NaN,NaN,0.2419214949999997,0.13832733499999983,-0.5689859510000006,0.0,0.9287782990000029
Midwest Census Region,322110,0.24515759,0.0,NaN,NaN,1.0364529240000002,-0.18044960399999999,NaN,0.0,2.9584707629999993
Midwest Census Region,322121,9.335623121999994,0.0,NaN,NaN,8.403567369000001,3.3001841309999946,-38.119016765999994,NaN,-16.625802152999967
Midwest Census Region,322122,0.089124063,0.0,0.10370370400000001,0.063965885,NaN,0.09882064099999988,-1.549387851,0.0,-1.111476436
Midwest Census Region,322130,5.23098004,0.0,NaN,NaN,5.2728752190000066,4.302968862,-12.836305814000001,NaN,2.326239404000013
Midwest Census Region,324110,0.0,0.0,-0.5505609280000001,-17.822550235,-70.595045498,0.1252607690000005,-68.54379276799995,0.05723036,-157.32945829700003
Midwest Census Region,324121,0.0,0.0,-0.15410170900000209,0.0,7.865993591000002,0.6017523679999985,NaN,0.0,9.65220523499999
Midwest Census Region,324122,0.17341072000000007,0.0,0.0,0.0,-1.8507512160000004,-0.6585810000000001,NaN,0.0,-1.9205648670000004
Midwest Census Region,324199,0.0,0.0,NaN,NaN,0.8784455640000015,3.6857586610000004,4.457383809000001,0.0,9.128080136000005
Midwest Census Region,325110,0.0,0.0,0.0,NaN,NaN,NaN,6.302574945999999,0.0,NaN
Midwest Census Region,325120,0.0,0.0,0.0,0.0,0.253085652,7.488965017999973,0.0,0.0,7.742050627999969
Midwest Census Region,325180,0.0,0.0,NaN,NaN,2.5095192440000105,-0.21089345799999482,27.791579121999984,0.0,30.48141000599999
Midwest Census Region,325193,-53.969795401000056,0.0,NaN,NaN,85.73612063900026,-10.19929118500005,-4.827030329000006,0.0,15.930161059000397
Midwest Census Region,325194,0.0,0.0,NaN,NaN,14.644390605999998,4.641811826,NaN,0.0,33.17791758699999
Midwest Census Region,325199,-2.6116377410000133,0.0,NaN,NaN,3.939641774999995,4.86469610599999,NaN,0.0,-23.520477858999868
Midwest Census Region,325211,0.1262614250000169,0.0,NaN,NaN,-2.1266280339999675,1.0700449660000118,-2.113819501999986,0.0,-3.8363086080000173
Midwest Census Region,325212,2.6218581270000003,0.0,NaN,NaN,3.1026723590000005,NaN,NaN,0.0,7.440568786
Midwest Census Region,325220,0.0,0.0,0.0,NaN,NaN,NaN,0.07322895800000001,0.0,NaN
Midwest Census Region,325311,0.0,0.0,NaN,NaN,13.629806411999965,-0.7862825769999979,8.396666433,0.0,26.01397611199998
Midwest Census Region,325312,0.0,0.0,0.0,NaN,NaN,NaN,0.07988614000000002,0.0,NaN
Midwest Census Region,325412,1.7665659310000041,0.0,NaN,NaN,3.674871548999988,0.34214987600000946,0.08539176800000359,0.0,6.869623098000002
Midwest Census Region,325992,0.0,0.0,0.16825659300000015,0.0,NaN,NaN,NaN,0.0,-0.07725049900000003
Midwest Census Region,327120,NaN,0.0,NaN,0.0,6.610144454000007,0.037773024999998794,NaN,0.0,8.49521793600001
Midwest Census Region,327211,0.0,0.0,NaN,0.0,5.107317838999997,0.5888200210000001,NaN,0.0,4.796624589
Midwest Census Region,327212,0.0,0.0,NaN,0.0,0.7594510619999966,0.16207085300000124,0.0,0.0,2.0167818370000052
Midwest Census Region,327213,0.0,0.0,NaN,0.0,11.317637735000005,0.7642741950000005,NaN,0.0,12.384899645000008
Midwest Census Region,327215,0.0,0.0,NaN,0.0,-1.4607881840000034,-1.8796360140000035,NaN,0.0,-2.9244239059999977
Midwest Census Region,327310,NaN,-8.547578600000005,-0.46101219400000004,NaN,-0.8938658099999994,NaN,-0.0457975799999879,0.0,NaN
Midwest Census Region,327410,NaN,-0.335506482,NaN,0.0,0.8839390989999996,NaN,0.019877199000000623,0.0,NaN
Midwest Census Region,327420,0.0,0.0,NaN,0.0,1.6754022620000004,-0.009769905999999273,NaN,0.0,1.8989202480000085
Midwest Census Region,327993,0.322884984,-0.0888459959999992,NaN,NaN,7.2474847370000095,0.06328725700000071,-0.939112339,0.0,7.712311856999985
Midwest Census Region,331110,-3.4121551809999975,-232.93554878400002,-0.9313009009999984,NaN,-0.4660337429996275,-2.0406552620001293,-19.56997870999993,NaN,-259.8846899769992
Midwest Census Region,331314,0.0,0.0,NaN,NaN,4.172511127,-0.42054349499999955,NaN,0.0,4.091253803000001
Midwest Census Region,331315,0.0,0.0,NaN,0.0,-1.0251333160000051,-0.9778117530000001,NaN,0.0,-0.38289267399999005
Midwest Census Region,331318,0.0,0.0,0.0,0.0,3.7601583819999966,NaN,0.0,0.0,NaN
Midwest Census Region,331410,0.0,NaN,NaN,NaN,1.0420026989999984,1.5116429189999963,NaN,0.0,3.2681133679999945
Midwest Census Region,331511,NaN,-1.7099100279999941,NaN,NaN,0.13135485800001057,1.9880195590000085,NaN,0.0,0.6171714479999935
Midwest Census Region,331523,0.0,0.0,0.0,0.0,2.048693462999994,0.7936800039999987,0.0,0.0,2.8423734469999964
Midwest Census Region,331524,0.0,0.0,NaN,0.0,-0.3235985120000002,-0.24438861399999978,0.0,0.0,-0.45284754399999816
Midwest Census Region,334413,0.0,0.0,NaN,NaN,NaN,-0.13465915299999964,NaN,0.0,0.40561020300000017
Midwest Census Region,336111,NaN,0.0,NaN,NaN,6.517769872999992,-2.0155346599999975,0.03352146099999964,0.0,5.854165769000005
Midwest Census Region,336112,NaN,0.0,NaN,NaN,8.587412035,-1.9085612989999987,-0.20512829,7.99e-06,7.326299749
Midwest Census Region,336411,0.0,0.0,NaN,0.0,2.8608389019999994,0.9693683479999984,NaN,0.0,4.489691879000002
Northeast Census Region,311,NaN,0.0,0.7397080400000045,0.41919401099998965,18.179038718000967,2.56374171499985,1.2537507050000034,1.5825518420000093,27.816323492000407
Northeast Census Region,312,0.0,0.0,NaN,NaN,-0.8361422139999695,-0.7904096710000044,NaN,0.3904178680000023,0.6403272110000451
Northeast Census Region,313,0.0,0.0,NaN,NaN,-9.545859404,NaN,0.0,NaN,NaN
Northeast Census Region,314,0.0,0.0,NaN,NaN,0.0,NaN,0.0,0.0,4.884412645999968
Northeast Census Region,315,0.0,0.0,0.0,0.0,0.0,NaN,0.0,0.0,NaN
Northeast Census Region,316,0.0,0.0,0.0,NaN,0.0,NaN,0.0,0.0,NaN
Northeast Census Region,321,NaN,0.0,0.07761583199999622,-0.5179401209999963,-1.4101366689999977,-2.773003028000037,-1.3856053479999915,NaN,-4.461986902000099
Northeast Census Region,322,3.1334428980000126,0.0,NaN,NaN,23.92219746099991,-3.4208218539999535,-18.041393660000168,1.959111301000032,8.155133819999918
Northeast Census Region,323,0.0,0.0,NaN,NaN,-0.41220599699999294,-1.933969032999995,NaN,NaN,-0.766987207999998
Northeast Census Region,324,0.9267521170000002,0.0,5.1943792010000145,1.8003795120000006,-12.512361248999984,5.87953163399999,4.564310219000021,1.0591693420000015,7.912160798999906
Northeast Census Region,325,NaN,0.0,0.3510760079999997,NaN,28.524392063000448,2.5964771410000154,-3.3111872499999997,NaN,49.877311683999096
Northeast Census Region,326,NaN,0.0,NaN,-0.8532323020000004,2.116482305000009,-8.456220608000034,NaN,0.0,-4.928772414999788
Northeast Census Region,327,-6.137527715000047,NaN,0.3295314899999964,-0.4688790789999999,8.771414753000137,3.236716082999976,-12.640427335,NaN,-5.530134707999437
Northeast Census Region,331,-0.21036811799999988,-22.330058485,-0.6198908140000001,NaN,18.297667008999994,1.5027381700000007,-14.248176623999996,NaN,-16.62140493299998
Northeast Census Region,332,0.0,0.0,NaN,NaN,12.642072540000136,1.28525383300018,0.0,0.22719333699999628,12.766819141001285
Northeast Census Region,333,0.0,0.0,NaN,NaN,3.667632629999858,1.9766291549998236,0.0,0.0,4.017895613000206
Northeast Census Region,334,0.0,0.0,NaN,NaN,0.6309351330000421,-1.9247519400001742,0.0,NaN,-1.8444803789997444
Northeast Census Region,335,0.0,NaN,NaN,NaN,0.19955046000003396,-1.9592358580000173,0.0,0.19200099099999923,-0.14312449499989555
Northeast Census Region,336,0.2935506,0.0,NaN,NaN,9.12553290699993,1.0176227690000026,NaN,NaN,11.063495284999995
Northeast Census Region,337,0.0,0.0,0.0,NaN,0.9564694039999964,0.9008238659999901,0.0,0.0,0.0010556109999848573
Northeast Census Region,339,0.0,0.0,0.0,NaN,-0.07378674799996698,-1.3284463400000712,NaN,0.0,-2.0304886599998877
Northeast Census Region,3112,0.0,0.0,0.0,NaN,0.6741597860000006,0.10681855400000106,NaN,0.310643535,2.075202847999998
Northeast Census Region,3114,NaN,0.0,NaN,NaN,1.078731002000012,-0.002247642999999133,NaN,NaN,3.153118821000003
Northeast Census Region,3115,0.0,0.0,-0.13065964200000113,NaN,-1.953597274000007,-1.3041491909999956,0.0,0.1979272609999998,-2.0200517359999957
Northeast Census Region,3116,0.0,0.0,-0.19688138599999916,NaN,-0.5336811859999973,-0.19710139300000096,NaN,NaN,0.46125271100000376
Northeast Census Region,3121,0.0,0.0,NaN,NaN,0.16385778600003054,-0.7904096710000044,NaN,0.2510580009999994,0.12758244100004745
Northeast Census Region,3122,0.0,0.0,NaN,NaN,0.0,0.0,NaN,0.139359867,-0.48725523000000004
Northeast Census Region,3212,0.138851786,0.0,NaN,NaN,0.7672936300000002,0.17549791599999987,3.092497447000042,0.0,4.731812966000007
Northeast Census Region,3219,0.1658382020000005,0.0,-0.11820516500000311,-0.8996806720000007,-1.9954082039999936,-2.0371616170000086,-3.8171755710000013,0.12700001100000033,-8.574797638999978
Northeast Census Region,3254,0.0,0.0,-0.741261494,NaN,13.445670178000029,-6.117656191999997,NaN,0.11821486699999995,8.808472206000047
Northeast Census Region,3312,0.0,0.19609737199999996,NaN,NaN,1.0289076739999974,0.19104104699999924,-1.882241869,0.15837718600000003,-0.08561705800000041
Northeast Census Region,3313,0.0,0.0,NaN,NaN,0.9204502839999993,-2.1824887839999976,NaN,NaN,-0.38856083999999314
Northeast Census Region,3314,0.0,0.3257535670000001,NaN,NaN,10.409194707999976,1.787856339000001,NaN,0.2523199169999996,13.088785351000016
Northeast Census Region,3315,0.260007715,NaN,0.0,NaN,0.8260731759999995,-1.063079681,NaN,0.0,0.6619640639999993
Northeast Census Region,3364,0.0,0.0,NaN,NaN,4.909223709000001,0.6432448270000002,NaN,NaN,7.025185728999997
Northeast Census Region,31131,0.0,0.0,0.33788463300000005,0.0,NaN,NaN,0.0,0.0,NaN
Northeast Census Region,311221,0.0,0.0,0.0,0.8053431849999999,0.0,NaN,0.0,0.310643535,NaN
Northeast Census Region,321113,0.0,0.0,-0.08838470400000098,NaN,NaN,0.08866067299999991,-1.9686180319999993,NaN,-1.599246937000001
Northeast Census Region,321219,0.0,0.0,NaN,NaN,0.7672936300000002,0.17549791599999987,-13.86562652,0.0,-12.365162578
Northeast Census Region,322110,0.0,0.0,NaN,NaN,-0.659141419,NaN,-1.2849402520000002,0.9998431109999999,0.295683090999999
Northeast Census Region,322121,4.024730466999998,0.0,NaN,NaN,26.233298617999978,-4.130378413000001,-22.56909692899997,0.07209329899999961,4.663754028999989
Northeast Census Region,322122,0.0,0.0,0.0,0.037741546,0.0,1.281728709,1.7217095619999998,0.39734046799999995,3.438520285
Northeast Census Region,322130,0.0,0.0,NaN,NaN,-1.279185244999999,-0.7141590040000008,1.195681493,NaN,-0.09220281399999664
Northeast Census Region,324110,-0.25835838899999997,0.0,1.3154405150000001,1.1704664270000005,-16.774837322000003,6.9323445239999995,-14.665104642000003,NaN,-21.004705401999985
Northeast Census Region,324121,0.0,0.0,2.6590759310000056,NaN,1.178824424000009,-0.35172871899999925,NaN,NaN,5.8908025480000035
Northeast Census Region,324122,0.0,0.0,NaN,0.0,NaN,0.0,NaN,0.0,-0.19898737000000022
Northeast Census Region,324199,1.185110506,0.0,NaN,NaN,2.965783439,NaN,NaN,0.313888258,21.600358107
Northeast Census Region,325110,0.0,0.0,0.0,0.0,0.0,NaN,0.0,0.0,NaN
Northeast Census Region,325120,0.0,0.0,0.0,NaN,NaN,9.391828657999987,0.04954099199999984,0.0,9.461994746999995
Northeast Census Region,325180,0.0,0.0,NaN,NaN,0.9936952439999978,-6.508874960999998,-1.895489389,0.6813031160000003,-6.4898937839999995
Northeast Census Region,325193,0.0,0.0,0.0,NaN,-1.4751712129999994,-0.827064962,0.013564432,0.0,-2.2823949379999995
Northeast Census Region,325194,0.0,0.0,NaN,NaN,4.264553157,0.6539027719999999,0.0,1.2743927670000001,6.225105195999998
Northeast Census Region,325199,0.0,0.0,NaN,NaN,1.037868705000001,-0.3967679160000004,1.1571586939999987,0.0,2.0271364750000096
Northeast Census Region,325211,0.0,0.0,NaN,NaN,0.9874211570000035,-0.7187058869999987,-0.6885451760000003,0.0,-0.19257604600000633
Northeast Census Region,325212,0.0,0.0,0.0,NaN,0.0,NaN,0.0,0.0,NaN
Northeast Census Region,325220,0.0,0.0,0.0,NaN,0.0,NaN,0.0,0.0,NaN
Northeast Census Region,325311,0.0,0.0,NaN,NaN,NaN,NaN,-0.9034586720000001,NaN,-0.55862203
Northeast Census Region,325312,0.0,0.0,0.0,NaN,0.029081772,NaN,0.0,0.0,NaN
Northeast Census Region,325412,0.0,0.0,-0.807992158,NaN,14.035185628999994,1.6029422669999986,NaN,0.11821486699999995,15.264949499000004
Northeast Census Region,325992,10.950047787000003,0.0,0.0,NaN,2.7291423470000016,0.6666634629999995,-1.756951626,NaN,11.716946841000002
Northeast Census Region,327120,2.0917865190000002,0.174769068,NaN,NaN,0.1814003840000007,0.19970365000000023,NaN,0.0,5.392280132
Northeast Census Region,327211,0.0,0.0,NaN,NaN,1.9456848099999995,0.2742028769999998,0.0,0.0,-6.745903163000001
Northeast Census Region,327212,0.00033175800000000003,0.0,NaN,NaN,2.3089737769999985,0.49150635200000004,0.0,0.0,3.8209120870000053
Northeast Census Region,327213,0.0,0.0,NaN,NaN,4.420014061,0.347578983,0.0,0.0,4.829189726999999
Northeast Census Region,327215,NaN,0.0,NaN,NaN,0.0027417109999974265,0.029832947999999915,NaN,0.0,-0.3551308770000001
Northeast Census Region,327310,-11.280052851,0.0,NaN,NaN,-2.854399248,-0.36783241199999983,-4.175382775,NaN,-17.757035686
Northeast Census Region,327410,0.5016418979999999,0.0,NaN,NaN,NaN,NaN,NaN,0.034725699,1.6991613959999974
Northeast Census Region,327420,0.0,0.0,NaN,NaN,2.884803567999999,NaN,NaN,0.07291446300000001,4.5449931249999995
Northeast Census Region,327993,0.0,0.0,NaN,NaN,2.1263727200000018,0.34566869100000064,NaN,0.0,2.920900336999999
Northeast Census Region,331110,-0.47037583299999997,-22.163683247,NaN,NaN,4.113041167000006,1.7694092489999953,-12.305751725000007,0.0,-29.897976449999973
Northeast Census Region,331314,0.0,0.0,0.0,NaN,NaN,NaN,NaN,0.17737120099999998,NaN
Northeast Census Region,331315,0.0,0.0,NaN,NaN,0.9694101029999995,-0.410036198,0.064318524,NaN,0.8098659899999987
Northeast Census Region,331318,0.0,0.0,0.0,NaN,-1.2439822839999999,0.0,NaN,0.0,NaN
Northeast Census Region,331410,0.0,0.0,NaN,NaN,NaN,-0.08896736500000002,NaN,0.0,0.9513087619999998
Northeast Census Region,331511,0.260007715,NaN,0.0,NaN,0.42097496999999984,-0.8910398760000002,NaN,0.0,-0.732432323999999
Northeast Census Region,331523,0.0,0.0,0.0,NaN,0.864636489,NaN,0.0,0.0,1.3457081899999994
Northeast Census Region,331524,0.0,0.0,0.0,NaN,NaN,NaN,NaN,0.0,-0.45241961399999986
Northeast Census Region,334413,0.0,0.0,NaN,NaN,0.6098642460000034,-0.6504140710000001,0.0,NaN,-0.5912134879999904
Northeast Census Region,336111,0.0,0.0,0.0,0.126512091,0.049877612999999994,NaN,0.019763720999999995,0.0,NaN
Northeast Census Region,336112,0.0,0.0,0.0,0.0,0.0,0.0,0.0,0.0,0.0
Northeast Census Region,336411,0.0,0.0,NaN,NaN,2.1895324299999976,-0.14850195200000027,NaN,NaN,2.6078743760000007
South Census Region,311,12.527455503000464,0.0,-0.5655838069999293,-0.33482721900001655,62.25245276800095,14.300332682999098,-77.92657208799994,5.118419849000079,16.371680826006184
South Census Region,312,2.1074511059999335,0.0,NaN,NaN,-6.144371297999946,-0.24969373299990139,0.7181402940000132,NaN,-1.6136236929998091
South Census Region,313,5.321016235000066,0.0,NaN,NaN,2.6951035489998567,4.579602359000049,-1.3898379159999896,NaN,13.083389060000528
South Census Region,314,-0.31963121800000005,0.0,NaN,NaN,-0.3572464669997526,-0.5034882389999744,0.0,NaN,-1.4160777149996981
South Census Region,315,0.0,0.0,NaN,NaN,-0.4828228599999924,0.3009278019999835,0.0,0.0,0.19014123799999982
South Census Region,316,0.0,0.0,NaN,NaN,NaN,NaN,NaN,0.0,-0.7167094649999994
South Census Region,321,0.253449989,0.0,0.08500718600010426,0.42042878899997005,0.5945092880001575,-9.403184714999682,142.9033191670025,NaN,136.01764126899417
South Census Region,322,46.19495170399996,0.0049881149999999996,-0.30853810200001597,-0.6300012782300002,10.233954028999506,26.711413870998655,-352.17666572600444,0.39097824900000333,-270.5789120369875
South Census Region,323,0.0,0.0,NaN,NaN,-4.118636823999957,-7.806394165000006,0.0,0.0,-13.517787600999952
South Census Region,324,0.9460327609999991,0.0,0.9553470889999724,-4.009133461000034,-243.8140063569992,-7.679259825999608,-159.4862107030035,0.13297696800000658,-412.9542536260026
South Census Region,325,53.82136014700028,0.0,-2.442219730000004,0.02238398499999139,194.8012566260179,-9.74213329500077,-87.384542924004,-0.6816681649999972,148.39444462598885
South Census Region,326,NaN,0.0,NaN,-1.09027065299999,23.583165153000607,-2.8308301209991953,NaN,0.2860299409999979,19.35669062000241
South Census Region,327,-21.97654433999982,-0.9325085830000017,0.7288269810001982,-1.3983609440000009,25.701013798994296,5.335756658999792,0.7126661729995121,NaN,8.514398830991695
South Census Region,331,-8.456881624,-23.248941836999997,0.7223325590000007,-0.23629044699999913,101.35416739499988,50.260686820999496,23.054154127000274,NaN,144.05645640099954
South Census Region,332,0.0,0.0,NaN,0.1142873900000021,29.516363841002736,11.485353744999927,NaN,0.0,43.58338988300329
South Census Region,333,0.0,0.0,NaN,0.013447412000030745,8.128006990999957,-1.880409100000687,NaN,0.0,7.686071410999219
South Census Region,334,0.0,0.0,NaN,NaN,4.820819993000001,7.111203933000276,NaN,0.0,13.016456606999654
South Census Region,335,0.0,0.0,NaN,NaN,9.37571461399994,1.1090305069999928,-0.7518487179999984,0.0,9.24112862000056
South Census Region,336,1.3203178729999911,0.0,NaN,-1.0219261210000068,2.5103652800010536,-10.152777628000791,-0.44461416099999473,1.4714151709999914,-6.901343624001356
South Census Region,337,NaN,0.0,NaN,NaN,-0.06951737699998883,-1.1602437870000655,1.2700604509999498,0.0,0.7417034809998029
South Census Region,339,0.0,0.0,NaN,NaN,NaN,-1.3116501010003496,0.2320924300000108,0.24078642400001207,-8.464976005000398
South Census Region,3112,3.6924217370000214,0.0,NaN,NaN,5.7499459150000405,2.053361668999994,-1.7332974480000125,NaN,10.166076013999977
South Census Region,3114,0.0,0.0,NaN,NaN,7.67891577400006,0.2822083019999919,NaN,NaN,8.530601073000028
South Census Region,3115,0.0,0.0,NaN,NaN,1.0073186460000043,-1.303374115000003,NaN,0.0,0.4667546559999849
South Census Region,3116,0.9563847899999959,0.0,-1.1060583420000247,-0.06524315699998884,11.104832637000442,-0.2785713390000133,1.7041393460000145,3.0190522670000313,15.334551975000466
South Census Region,3121,1.4064578939999315,0.0,NaN,NaN,-6.45019115099997,-0.4345439519999239,0.5344952810000079,0.16779014200000125,-4.63606124400032
South Census Region,3122,0.7009932120000009,0.0,NaN,NaN,0.30581985300000003,0.18485021899999765,NaN,NaN,3.022437551000001
South Census Region,3212,0.253449989,0.0,0.3254604959999965,-0.790239583,-1.2603177780000312,-0.7848370899999182,13.734079829000372,0.16411118899999994,11.641707260000004
South Census Region,3219,0.0,0.0,NaN,-0.06880677700002225,-0.9279328680000005,NaN,NaN,0.0,NaN
South Census Region,3254,0.0,0.0,NaN,NaN,4.694170010999997,1.2341108840000068,2.1102829339999953,0.220674989,7.8560082989999565
South Census Region,3312,0.0,0.0,-0.667370088,NaN,5.788496377000005,5.81397592500003,-3.618527226999999,0.0,7.6149574339999795
South Census Region,3313,0.0,0.0,NaN,NaN,69.01444831300012,62.245818231999976,0.8080614200000027,0.20044337899999998,132.38445834999976
South Census Region,3314,0.0,-0.8994306689999999,NaN,NaN,5.963663590000014,-3.093253210000009,20.041039440000016,0.0,22.43679492700005
South Census Region,3315,0.0,-0.06667655100000225,NaN,NaN,0.15876831400001556,-4.5238749150000075,NaN,0.0,-4.094597228999991
South Census Region,3364,0.33463714599999983,0.0,NaN,NaN,1.1220401200000243,0.4005369299999817,-0.5888955939999994,0.5541362140000001,2.171470901999978
South Census Region,31131,1.6703708620000004,0.0,-0.747354597,NaN,9.916141561,0.2064768589999999,-70.510337533,NaN,-59.08521324099999
South Census Region,311221,1.1410701150000016,0.0,NaN,NaN,0.8148861789999993,0.9714391030000007,-1.912883634,0.0,1.2601587540000025
South Census Region,321113,0.0,0.0,-1.8199598400000105,NaN,1.8933913079999871,2.1835839079999477,152.2723164299991,0.0,154.80879880300253
South Census Region,321219,0.253449989,0.0,NaN,NaN,0.5051611520000012,-1.4909724119999996,7.722694829000005,0.16411118899999994,7.594154087000007
South Census Region,322110,27.847220717000006,0.0,-0.617804978,NaN,7.998755226999997,2.22995839,-116.210645315,-1.010094101,-79.74742799799998
South Census Region,322121,4.074497220999973,0.0,-0.034674733999999874,NaN,16.45169611999998,15.26526274399999,-44.284947651999914,1.304297645000001,-7.0592786339997815
South Census Region,322122,2.069850314,0.0,NaN,NaN,-3.250009785,-3.8873791309999994,1.5267328609999993,0.0,-2.37540057
South Census Region,322130,12.20338345199999,0.0049881149999999996,-1.408617779,NaN,-18.95786967299999,13.36354965800001,-197.34625549099997,0.09677470500000052,-191.92653402699966
South Census Region,324110,0.0,0.0,-2.203665638,-3.318574453000001,-230.40168659500006,-6.3136585499999995,-146.26834796100025,NaN,-389.337030703
South Census Region,324121,0.0,0.0,3.0032435469999728,NaN,-10.379772229999979,-0.17805142399999718,-2.72716408600001,-0.03592558099999443,-10.118526450999957
South Census Region,324122,0.3911086590000001,0.0,0.0,0.0,-2.499549030000001,0.08156104400000008,0.0,0.0,-2.026879350999999
South Census Region,324199,0.0,0.0,NaN,NaN,0.542603736999999,-0.8049482769999997,-10.490698655999989,0.0,-9.48697632699999
South Census Region,325110,0.0,0.0,-0.871648791,-0.618623266,-170.52925553100002,0.5142334660000003,-1.4454914579999922,0.198236123,-170.75254945299992
South Census Region,325120,0.0,0.0,NaN,NaN,14.333079897000061,-5.474425165000071,26.665145229999997,0.0,34.66117246600008
South Census Region,325180,2.0746211930000023,0.0,NaN,NaN,166.51900796100045,3.5637400759999878,-41.459110366000004,0.07224474600000008,131.03655631099952
South Census Region,325193,0.0,0.0,NaN,NaN,19.562050476,1.9953790430000007,NaN,0.0,21.738865461000003
South Census Region,325194,0.0,0.0,NaN,NaN,11.636707189999996,4.978185040999998,1.6395702090000022,0.09506460800000005,19.00948417300002
South Census Region,325199,-20.06924264500004,0.0,-1.3522466400000015,NaN,89.14162387499971,-18.795759845999967,-71.88993988799993,-1.939700569,-24.86984049100056
South Census Region,325211,43.756950567000004,0.0,-0.14770171600000026,-0.4300719819999995,-83.96058145799998,11.717784320000028,-11.300336037999969,NaN,-39.888251935999506
South Census Region,325212,3.335123471000002,0.0,NaN,NaN,6.4962197309999965,1.0572046640000021,-6.383814614,0.0,3.6388995180000023
South Census Region,325220,0.4334431280000022,0.0,NaN,NaN,0.4262466980000017,-1.2601946359999996,NaN,NaN,8.739871632000003
South Census Region,325311,0.0,0.0,NaN,0.031221521000000026,30.079826780000104,3.963512540999984,0.0,0.0,29.14556900500017
South Census Region,325312,-1.913221242,0.0,0.10631768099999994,NaN,-7.823000128999995,-4.837068186000001,0.0,NaN,-15.347173152000003
South Census Region,325412,0.0,0.0,NaN,NaN,3.700121808999995,0.5039616610000026,0.9160750950000012,0.220674989,5.727542694999997
South Census Region,325992,0.0,0.0,NaN,NaN,0.5554569250000014,0.2499243440000003,NaN,0.0,0.9278796770000017
South Census Region,327120,0.3782538639999995,0.0,NaN,NaN,-0.030354532999979256,0.6775626839999962,0.46909001400000294,NaN,2.101340964000027
South Census Region,327211,0.0,0.0,NaN,NaN,3.632252363999992,0.24519213100000004,NaN,0.0,4.1583167250000095
South Census Region,327212,0.0,0.0,NaN,NaN,1.6466455810000085,0.14777976499999834,0.0,0.0,1.9233628889999856
South Census Region,327213,0.0,0.0,NaN,NaN,1.3302929809999995,0.10490786700000143,NaN,0.0,1.6542538470000032
South Census Region,327215,0.0,0.0,NaN,0.0,-1.1007291529999956,0.17118894300000775,NaN,0.0,-0.2289210960000112
South Census Region,327310,-28.040701248999987,-1.972353741,-0.34572523099999997,NaN,0.8759278719999948,-0.030376369999999042,-7.824614192000009,NaN,-37.07770837699998
South Census Region,327410,4.267338508000005,0.8143001670000001,0.9485330840000004,NaN,-0.2524679889999999,0.33699597300000095,3.9604637089999972,0.0,10.174298074
South Census Region,327420,0.0,0.0,NaN,NaN,4.653800435000008,0.906719030000001,NaN,0.0,4.84821106599999
South Census Region,327993,0.08040523200000001,NaN,NaN,NaN,3.0131867379999964,-0.16064678900000295,NaN,0.0,3.721066360000025
South Census Region,331110,-7.456881623999999,-22.282834617,-0.06368017799999892,NaN,20.42879080100016,-9.181979210999899,6.740349690999963,NaN,-12.285157080999909
South Census Region,331314,0.0,0.0,NaN,NaN,7.764976302000001,-0.012109093000000293,NaN,0.0,8.121336158000002
South Census Region,331315,0.0,0.0,NaN,NaN,2.517238625000008,1.3941032109999973,-1.800223905,0.20044337899999998,2.52178340399999
South Census Region,331318,0.0,0.0,NaN,NaN,40.58508936099996,74.74758494100001,NaN,0.0,118.64043441300004
South Census Region,331410,0.0,0.0,NaN,0.0,2.1637550279999997,-2.9601737089999984,20.041039440000016,0.0,18.475527712999998
South Census Region,331511,0.0,-0.06667655100000225,NaN,NaN,1.379436223999999,-1.331768053999999,NaN,0.0,0.31817754100000784
South Census Region,331523,0.0,0.0,0.0,0.0,2.5021597759999974,0.12123089000000054,0.0,0.0,3.6233906680000008
South Census Region,331524,0.0,0.0,0.0,0.0,0.39349892300000144,-0.67699896,0.0,0.0,-0.28350004200000223
South Census Region,334413,0.0,0.0,NaN,NaN,0.519876351999998,-3.346936568000004,NaN,0.0,-2.5721496099999968
South Census Region,336111,0.15457967500000003,0.0,NaN,NaN,7.5995487030000035,1.5730929980000026,NaN,0.0,10.704107690000011
South Census Region,336112,0.0,0.0,NaN,NaN,1.0127293480000006,-1.0467774520000002,-0.888186094,0.0,-0.6478093980000015
South Census Region,336411,0.0,0.0,NaN,NaN,-0.5060914649999999,-1.093448712000006,NaN,0.2686035910000002,-1.5105901180000085
Total United States,311,126.34409871800031,3.740281746999999,-0.7045389709998986,-0.3608415680000636,206.3762411549999,31.561241542004666,-78.13511087999967,7.6679185230000915,297.4892553080058
Total United States,312,4.539035824999898,0.0,0.8518402750000043,1.6817840859999982,3.2247627899999785,-0.08532374400003562,3.942746172000028,NaN,13.915916470999889
Total United States,313,5.321016235000066,0.0,NaN,0.09261760900000415,-8.86138624200014,0.02342061700004905,-6.09276384999999,NaN,-5.9598488479994955
Total United States,314,-0.31963121800000005,0.0,NaN,NaN,-4.918091860999754,3.3051979389999975,NaN,NaN,-1.2029190809997345
Total United States,315,0.0,0.0,NaN,NaN,-0.17489286799999393,-0.28708658400001497,0.0,0.0,-0.08995952399999751
Total United States,316,0.0,0.0,NaN,NaN,0.058235147000001763,-0.5229849929999997,NaN,0.0,-0.5005918829999985
Total United States,321,1.3207567240000002,0.0,8.482746204000087,0.6112108039999731,-4.3457537379997575,-13.799988903999754,183.79013174100243,NaN,176.46557092499393
Total United States,322,71.8828241759999,0.0049881149999999996,-0.062110358000015964,-0.7650429722299998,81.7939227349998,46.32157136099846,-444.95483847300443,3.278250426000035,-243.50042567698802
Total United States,323,0.0,0.0,NaN,-0.6567631080000003,-7.551930958999975,-5.945558883999809,NaN,NaN,-12.035899597999787
Total United States,324,-1.3087873390000002,0.0,7.464683768999983,-25.16563764900003,-418.3585428649992,-13.241835812999426,-389.38264509300325,1.996544176000011,-837.9962208360025
Total United States,325,3.0637838460008027,0.0,-2.584531411000018,6.970089790000001,351.0790880940135,-9.06945968799863,-81.99430139500305,3.144095251000011,270.60873164299755
Total United States,326,NaN,0.0,NaN,-1.714079233999989,45.001993386001004,14.396643568999764,NaN,0.2860299409999979,59.65113149100068
Total United States,327,-69.29130304499992,-9.166890357000003,2.3626426240002125,-0.3944277669999927,65.07433715299203,1.9689812980001307,-30.245297025000475,NaN,-39.65862101200935
Total United States,331,46.62677548599996,-280.66580317499995,-0.003560459999996546,0.1921100009999983,160.4511017610023,246.63934789099994,-4.431164482999691,0.8407884909999979,169.64959904600641
Total United States,332,1.4213405009999651,0.0,-0.3787446000000718,-2.197572477000035,17.25396235000221,10.268614248999455,1.6040930370000428,0.22719333699999628,28.198738264014708
Total United States,333,NaN,0.464726841,-0.7711032319999784,-0.8088887610000048,20.570854263996978,0.3413272679977979,-0.3041328209999745,NaN,18.09426127999177
Total United States,334,0.0,0.0,-0.37871715100000014,NaN,1.3500086349999947,-17.776371364999704,NaN,NaN,-17.311495981999656
Total United States,335,0.0,NaN,NaN,-0.11345458500000294,13.247413313999886,-1.8692098800001062,-1.1830007149999928,0.19200099099999923,11.21631542600069
Total United States,336,3.792539488999944,NaN,-1.1755582410000014,-0.5750266629999725,49.01754435100318,2.773013175997278,-1.3608249229999965,2.552852821999992,55.125670928996044
Total United States,337,NaN,0.0,NaN,-0.30306816399999614,-1.665232018000065,-0.7098630179999468,0.6327593349999683,0.0,-0.6677923780002146
Total United States,339,0.25542848900000764,0.0,NaN,-0.14038399799999046,-8.379609140999925,-4.7601542240002,NaN,NaN,-12.09722177800019
Total United States,3112,106.96013653300048,3.535454545,-0.5759552639999999,NaN,45.2960302490001,7.974513422000065,-9.844974055999984,NaN,154.97669651199863
Total United States,3114,NaN,0.0,1.6681400379999993,-0.4259952379999995,21.332228306000275,-2.271427678000034,-0.7618228489999961,NaN,22.73807262200023
Total United States,3115,NaN,0.0,-0.9801112070000011,-0.3807656190000007,10.407593599999927,-3.360687121999966,-0.1408286079999994,0.9469582249999995,7.741896864000125
Total United States,3116,NaN,0.0,-2.073740324000023,-0.7598575079999879,29.545008927001135,5.765454715999766,4.917863052000023,3.9227112060000318,42.273847010999816
Total United States,3121,3.838042612999896,0.0,0.4686515300000107,0.6223977119999933,2.6378959679999667,-1.0815036750000608,3.649960716000023,0.42431552000000067,9.559761654999406
Total United States,3122,0.7009932120000009,0.0,NaN,NaN,0.5868668220000002,0.9961799309999977,NaN,NaN,4.356154816
Total United States,3212,1.1549185219999991,0.0,-0.050407436000003525,-0.062066677000000015,-0.9337969540000302,-0.49868809299992023,19.128857533000414,0.16411118899999994,18.90292365899998
Total United States,3219,0.1658382020000005,0.0,-0.22567036699997978,-0.4255837290000257,-5.757443851999963,-13.379447313000203,NaN,NaN,-45.019653816999636
Total United States,3254,3.070267689000004,0.0,-0.1387229169999995,NaN,24.91849773200002,-6.121513814999979,2.5304244849999984,0.33888985599999993,25.11425643600009
Total United States,3312,0.0,0.19609737199999996,-0.08871659499999951,NaN,18.068113491000013,4.212259667000026,1.2455055280000042,0.15837718600000003,24.419554453000046
Total United States,3313,58.527708999999994,0.0,0.7939511609999998,-0.928638347,77.8470768500001,251.86670522400004,-0.09329153799999723,NaN,387.5677016809999
Total United States,3314,0.0,-1.0820542999999996,NaN,0.8024485349999986,31.80499705100003,8.546593593000011,20.588995525000016,0.2523199169999996,58.515137887000094
Total United States,3315,NaN,-1.4418972469999964,-0.5899425169999999,-0.5558570509999999,5.111829834000076,-3.614111192000017,NaN,0.0,-1.0674895190001195
Total United States,3364,0.33463714599999983,0.0,NaN,NaN,15.041881002999993,5.028938356999937,-0.35326324799999664,NaN,22.537987930000014
Total United States,31131,5.804673370000003,0.20482720200000015,-0.9763673289999999,NaN,15.491892483999997,3.5930085509999996,-67.869190178,NaN,-42.761685450000016
Total United States,311221,98.71692136800002,3.535454545,NaN,NaN,40.46977056900002,7.942719260999986,-6.7317394859999995,0.310643535,145.71437451200012
Total United States,321113,0.0,0.0,5.332410105999994,NaN,1.7835645449999848,1.133609874999948,190.21922477499908,NaN,199.45384429400247
Total United States,321219,1.016066735999999,0.0,NaN,NaN,2.9215106179999992,-1.6551153470000006,-3.8667524219999976,0.16411118899999994,0.3718351210000037
Total United States,322110,28.092378307000008,0.0,-0.2971197940000001,NaN,11.446987827000001,4.2260451880000005,-110.81356171799999,0.6632245379999997,-66.98934195299998
Total United States,322121,18.434850809999972,0.0,-0.06096069199999965,-0.33680918299999996,59.380975261999964,16.015975545999993,-106.9058867409999,1.6419799790000003,-12.829875172999778
Total United States,322122,7.986400171,0.0,NaN,NaN,-1.0829457839999996,1.1557563389999999,8.821284074999998,0.516750614,17.975019668
Total United States,322130,16.754261977999988,0.0049881149999999996,-0.7086318780000003,-0.41035884,-13.602638678000005,23.94742076700001,-245.072566843,-0.12038288399999963,-219.20790836199967
Total United States,324110,-0.25835838899999997,0.0,-0.8012057159999992,-26.211477085,-423.6797925410001,-17.14572199699998,-401.20571107900014,1.1185736830000002,-867.1836930899999
Total United States,324121,0.0,0.0,6.468367771999976,-0.374843861,3.7581677560000486,1.5711618350000007,2.237911375999995,-0.4359177649999957,13.224847104000062
Total United States,324122,NaN,0.0,NaN,NaN,-4.570323109000001,-0.577019956,NaN,0.0,-4.416096567
Total United States,324199,-3.0396040210000006,0.0,NaN,NaN,4.354979049000001,3.626480795000001,7.07550933600001,0.313888258,14.153395628000027
Total United States,325110,0.0,0.0,-0.871648791,-0.4747000239999999,-167.47558346500003,0.791957859,4.857083488000001,0.198236123,-161.97465480699992
Total United States,325120,0.0,0.0,NaN,NaN,13.970459086000062,13.2764968809999,26.714686221999997,0.0,54.11912393800006
Total United States,325180,-19.768818582999998,0.0,-0.11287568699999972,NaN,164.31145139500046,-9.970394704,-26.002262250000022,0.7535478620000003,109.4244859349995
Total United States,325193,-53.969795401000056,0.0,-0.9405116259999999,NaN,103.72236973800028,-9.96727572900005,-2.5862839690000063,0.0,36.471700295000346
Total United States,325194,0.0,0.0,NaN,NaN,28.63581395499999,10.363250559,15.071099683999996,1.369457375,56.592020872000006
Total United States,325199,-22.680880386000055,0.0,-1.0621034700000016,NaN,96.22030494899968,-14.419779278999982,-100.46405258899995,-1.939700569,-43.24212186300042
Total United States,325211,43.88321199200002,0.0,0.07699987799999986,-0.2196878919999996,-86.66607084499998,11.557301439000028,-15.102700715999958,NaN,-45.99524106099955
Total United States,325212,5.956981598000002,0.0,NaN,NaN,9.844269668999996,1.3695424260000024,-6.0448060649999995,0.0,12.596234756000001
Total United States,325220,0.4334431280000022,0.0,NaN,NaN,1.9714112810000017,-1.0431260829999989,NaN,NaN,9.665985011000004
Total United States,325311,0.0,0.0,NaN,NaN,43.969898328000056,3.2141867879999886,2.4932077610000007,NaN,54.396758165000165
Total United States,325312,-1.913221242,0.0,-0.7947473980000002,NaN,-6.845869229999995,-4.344025665,NaN,NaN,-13.623575787000007
Total United States,325412,1.7665659310000041,0.0,-0.3264134499999999,NaN,21.55045357599998,2.9032863860000084,1.2753786280000048,0.33888985599999993,27.92562656199999
Total United States,325992,10.950047787000003,0.0,NaN,NaN,2.6214840680000027,0.7647131050000002,-1.441745428,NaN,13.249181571000001
Total United States,327120,3.4723393839999996,0.174769068,2.839208723999999,NaN,8.78538023000003,1.676431336999995,0.9455771930000032,NaN,19.01490793300004
Total United States,327211,0.0,0.0,NaN,NaN,12.388596666999987,-0.3287334409999998,-8.892591508,0.0,3.5850726769999994
Total United States,327212,0.00033175800000000003,0.0,NaN,NaN,4.699271033000002,1.044565318,0.0,0.0,6.166688254999997
Total United States,327213,0.0,0.0,NaN,NaN,18.617201827000002,1.379833394000002,NaN,0.0,20.679218280000015
Total United States,327215,NaN,0.0,NaN,NaN,-3.4957593030000007,-0.7011625629999969,NaN,0.0,-3.4350468490000132
Total United States,327310,-90.56388271899998,-10.495422537000003,-1.920867371,NaN,-8.350160495000004,-3.1575204850000063,-29.818870403,NaN,-142.81994381700002
Total United States,327410,13.191318769000006,-0.10703282999999986,1.6276682290000002,NaN,2.204568752,0.630888586000002,3.4408153729999995,0.034725699,21.267691107000005
Total United States,327420,0.0,0.0,NaN,NaN,12.090539391000007,1.3408721670000014,NaN,0.07291446300000001,13.401576751999997
Total United States,327993,0.403290216,0.13669899500000082,NaN,NaN,13.538437583000011,1.3478589599999982,-0.5433189840000003,0.0,16.044450929000014
Total United States,331110,-11.191967364999996,-277.337949,-1.7206908769999973,NaN,28.619084535000525,-13.372099401000042,-26.903824189999966,NaN,-301.78530545599904
Total United States,331314,0.0,0.0,NaN,NaN,13.375184794000003,6.071103337,NaN,0.17737120099999998,19.639143321000006
Total United States,331315,0.0,0.0,NaN,NaN,3.545889413999994,-0.0009567840000030969,-0.26050862200000036,NaN,3.217011585999998
Total United States,331318,0.0,0.0,NaN,NaN,41.70647277099995,271.0081954340001,NaN,0.0,316.2589848170001
Total United States,331410,0.0,NaN,NaN,NaN,11.548353139999996,4.319316132999997,20.25796554800002,0.0,36.45455512699999
Total United States,331511,NaN,-1.4418972469999964,NaN,NaN,2.3997586960000064,-0.9605576509999914,NaN,0.0,1.4493036760000066
Total United States,331523,0.0,0.0,0.0,NaN,4.49452969799999,1.4387006729999996,NaN,0.0,6.068999692999995
Total United States,331524,0.0,0.0,NaN,NaN,-0.15231249399999847,-0.13261302799999974,NaN,0.0,0.0005081279999998856
Total United States,334413,0.0,0.0,NaN,NaN,-1.2402659070000084,-31.210258739999993,NaN,NaN,-32.170947188999975
Total United States,336111,NaN,0.0,NaN,NaN,12.762602325999996,-2.363247579999994,1.0766461929999993,0.0,12.451504341000017
Total United States,336112,NaN,0.0,NaN,NaN,9.609586934,-2.9430839669999997,-1.0933143840000001,7.99e-06,6.700190683999999
Total United States,336411,0.0,0.0,NaN,NaN,5.9792088299999975,-0.3919828090000106,NaN,NaN,5.976184789999991
West Census Region,311,5.091017779000001,NaN,2.5418237610000087,-1.1595098630000233,32.34898237800013,2.4981184759997888,2.334716770000176,0.2236273959999997,42.96960593600184
West Census Region,312,0.0,0.0,-0.7716405240000006,NaN,5.250085662999952,0.6179186649998503,1.5201272210000143,0.0,4.219007365999769
West Census Region,313,0.0,0.0,0.15843244699999948,0.0,-0.7635649399999949,-0.35609292900000267,NaN,0.27428076400000106,-0.5668684510000142
West Census Region,314,0.0,0.0,0.11870070200000062,NaN,NaN,-0.8341023240000014,0.18976298399999822,0.0,NaN
West Census Region,315,0.0,0.0,0.0,0.0,NaN,NaN,0.0,0.0,NaN
West Census Region,316,0.0,0.0,0.0,NaN,NaN,NaN,0.0,0.0,NaN
West Census Region,321,0.0,0.0,6.586159232000009,-0.018363886999998913,-0.6875655419999767,-1.9290659760000803,29.110096841000257,0.0,33.061241221000216
West Census Region,322,5.147324279999999,0.0,NaN,-0.41291349200000016,15.235563693000032,10.935147556999993,-23.840421218999893,0.6788243760000012,8.688277699000082
West Census Region,323,0.0,0.0,0.0,0.0,-1.0127533150000092,3.7987658100000186,0.0,0.0,1.7860205909998896
West Census Region,324,-4.224714527000001,0.0,1.9334143179999974,-4.1546197699999965,-101.72240732699987,-15.94372454799999,-173.79789810499972,-0.2528324939999971,-299.16278244200055
West Census Region,325,-21.843439776000004,0.0,-0.3680656520000003,NaN,-4.151906511000007,-9.160397120000074,-9.300379597000012,0.0,-44.0884636029994
West Census Region,326,0.0,0.0,NaN,NaN,14.362175625000003,21.805766633999568,NaN,0.0,37.25221800200005
West Census Region,327,-27.1556937,-0.5613167109999999,0.20144950399998152,NaN,4.022130040999713,-0.40629320399994384,-17.988184987,0.4855491270000003,-39.95113587400071
West Census Region,331,0.14744527299999996,0.13566061100000026,NaN,NaN,23.123828724000077,26.51461217800005,-0.8814042389999999,0.0,51.96399188299998
West Census Region,332,0.9416245919999652,0.0,NaN,NaN,0.3885986100002299,-1.7637710509992353,NaN,0.0,-1.2008606930001662
West Census Region,333,0.0,0.0,NaN,0.0,-0.05309410900005451,-2.448156960999853,NaN,0.0,-2.9829101289999382
West Census Region,334,0.0,0.0,NaN,0.0,0.02864142800003222,-23.115911769999673,NaN,0.0,-22.83187494599992
West Census Region,335,0.0,0.0,NaN,NaN,-2.6859368070000023,-0.5491259979999925,NaN,0.0,-2.467599270000014
West Census Region,336,0.0,0.0,NaN,NaN,2.032357262999934,0.05754747400000326,-1.7278234859999992,0.0,0.8652515889998185
West Census Region,337,0.0,0.0,0.0,NaN,0.4871650279999864,-1.5675067450000149,NaN,0.0,-0.34002175200003837
West Census Region,339,0.0,0.0,NaN,NaN,1.6797086900000746,2.5848721630002016,NaN,0.0,3.9567612170002366
West Census Region,3112,0.0,0.0,NaN,NaN,3.462553375000004,0.5919092110000048,NaN,0.0,7.687919142000013
West Census Region,3114,0.0,0.0,NaN,NaN,10.204212720000214,-1.1769058380000352,-3.119972469999997,0.2236273959999997,7.520639507000169
West Census Region,3115,0.0,0.0,NaN,0.0,7.74010416099992,-0.12320865999997466,NaN,0.0,7.06621447800007
West Census Region,3116,0.0,0.0,-0.8176759349999989,0.0,2.1405169029999254,1.1918738490000154,NaN,0.0,3.098218779000021
West Census Region,3121,0.0,0.0,-0.7716405240000006,NaN,5.250085662999952,0.022245890999847973,1.5201272210000143,0.0,3.1106236409997727
West Census Region,3122,0.0,0.0,0.0,0.5127109630000002,0.0,0.5956727740000002,0.0,0.0,1.1083837249999997
West Census Region,3212,0.0,0.0,NaN,NaN,0.31730569900000294,-0.16907005500001127,2.5152704460000006,0.0,3.103235552999955
West Census Region,3219,0.0,0.0,0.0,NaN,-0.8214301090000002,-0.720775998999998,3.161416207999964,0.0,0.9232191460000259
West Census Region,3254,0.0,0.0,NaN,NaN,0.2364613530000037,-2.545767418000001,NaN,0.0,-1.5566046919999987
West Census Region,3312,0.0,0.0,NaN,NaN,NaN,NaN,NaN,0.0,5.817062648000009
West Census Region,3313,0.0,0.0,NaN,NaN,-1.0672123129999997,24.96909254800002,NaN,0.0,23.27108280300002
West Census Region,3314,0.0,NaN,NaN,NaN,13.605464561999998,6.491817349000005,NaN,0.0,19.81403673900001
West Census Region,3315,0.0,0.022915508999999945,NaN,NaN,0.5005236190000018,-1.3702670550000036,NaN,0.0,0.7792916410000021
West Census Region,3364,0.0,0.0,NaN,NaN,5.090212235999964,2.3360597349999725,-1.7278234859999992,0.0,6.179144557999997
West Census Region,31131,5.091017779000001,NaN,NaN,NaN,1.3812004499999997,1.086644206,1.8886865330000013,0.0,9.050494418
West Census Region,311221,0.0,0.0,NaN,NaN,0.3801641979999997,NaN,NaN,0.0,2.0240286969999994
West Census Region,321113,0.0,0.0,5.708962048000006,NaN,-0.1834411320000009,-0.03921992199999913,23.43341018699998,0.0,29.199668871
West Census Region,321219,0.0,0.0,NaN,NaN,0.40713434100000034,-0.477968186,3.845165220000001,0.0,4.214065312999999
West Census Region,322110,0.0,0.0,NaN,NaN,3.070921095,NaN,5.073671286,NaN,10.503932191
West Census Region,322121,0.0,0.0,NaN,NaN,8.292413155000002,0.5809070839999988,-2.9328253939999946,0.055513520000000004,6.191451584999989
West Census Region,322122,5.827425794,0.0,NaN,NaN,2.084766879,3.6625861200000003,7.122229503,0.119410146,19.023376389
West Census Region,322130,-0.680101514,0.0,NaN,NaN,0.36154102100000074,6.995061251000001,-36.08568703099999,-0.822328576,-28.515410924999998
West Census Region,324110,0.0,0.0,0.6375803350000002,-5.240818824,-105.908223126,-16.88966874,-171.72846570800004,0.6170973010000003,-299.51249868799994
West Census Region,324121,0.0,0.0,NaN,NaN,4.093121971000013,0.4991896099999986,NaN,NaN,7.800365772000031
West Census Region,324122,0.0,0.0,0.0,NaN,-0.5927709489999995,0.0,0.0,0.0,-0.26966497900000075
West Census Region,324199,-4.224714527000001,0.0,NaN,NaN,NaN,NaN,0.0,0.0,-7.088066288
West Census Region,325110,0.0,0.0,0.0,0.0,0.0,0.0,0.0,0.0,0.0
West Census Region,325120,0.0,0.0,0.0,NaN,NaN,1.870128370000005,0.0,0.0,2.253906097000005
West Census Region,325180,-21.843439776000004,0.0,-0.7971834990000001,NaN,-5.710771054,-6.814366361000003,-10.439241616999999,0.0,-45.60358659799998
West Census Region,325193,0.0,0.0,0.0,0.0,-0.10063016399999825,0.06370137499999973,1.1219974999999995,0.0,1.0850687129999983
West Census Region,325194,0.0,0.0,0.0,0.0,-1.909836998,NaN,0.0,0.0,-1.820486084
West Census Region,325199,0.0,0.0,NaN,NaN,2.101170593999999,-0.0919476230000007,0.7331672039999986,0.0,3.1210600119999974
West Census Region,325211,0.0,0.0,0.0,0.0,-1.5662825100000002,-0.51182196,0.0,0.0,-2.078104471
West Census Region,325212,0.0,0.0,0.0,0.0,NaN,NaN,0.0,0.0,NaN
West Census Region,325220,0.0,0.0,0.0,0.0,NaN,NaN,0.0,0.0,NaN
West Census Region,325311,0.0,0.0,NaN,NaN,-0.20197149200000197,-1.208421097,0.0,0.0,-1.2041649220000004
West Census Region,325312,0.0,0.0,NaN,NaN,0.8681048689999997,0.3808575089999997,0.0,0.0,1.3482074509999977
West Census Region,325412,0.0,0.0,NaN,NaN,1.140274588999998,-0.545767418000001,0.0,0.0,1.0635112699999976
West Census Region,325992,0.0,0.0,NaN,0.0,0.08565066699999946,-0.4041046039999997,0.0,0.0,-0.3183944480000005
West Census Region,327120,0.0,0.0,NaN,NaN,0.024189925000002166,NaN,0.0,0.0,2.026068901000002
West Census Region,327211,0.0,0.0,NaN,NaN,1.703341653999999,-0.43694847000000003,0.0,0.0,2.376034525999999
West Census Region,327212,0.0,0.0,NaN,0.0,-0.015799387000000165,NaN,0.0,0.0,-0.594368558
West Census Region,327213,0.0,0.0,NaN,0.0,1.5492570500000014,0.16307234900000056,0.0,0.0,1.8108750609999973
West Census Region,327215,0.0,0.0,NaN,0.0,-0.936983677,0.9774515599999978,0.0,0.0,-0.9265709700000033
West Census Region,327310,NaN,NaN,-0.905943835,NaN,-5.477823309,NaN,-17.773075856,0.0,NaN
West Census Region,327410,NaN,NaN,NaN,NaN,NaN,NaN,-0.21510913100000018,0.0,NaN
West Census Region,327420,0.0,0.0,NaN,NaN,1.876533126,0.07115164100000015,0.0,0.0,2.109452313000004
West Census Region,327993,0.0,0.0,NaN,NaN,1.1513933880000016,0.09954980100000022,0.0,0.0,2.6901723750000013
West Census Region,331110,0.14744527299999996,0.044117647999999995,NaN,NaN,5.543286309999994,-3.9188741769999993,-0.7684434460000001,0.0,1.2825180520000075
West Census Region,331314,0.0,0.0,NaN,0.0,-0.393212774,NaN,0.0,0.0,0.06110539500000023
West Census Region,331315,0.0,0.0,NaN,NaN,0.08437400199999967,-0.007212043999999862,NaN,0.0,0.26825486600000037
West Census Region,331318,0.0,0.0,0.0,0.0,-0.394792688,NaN,0.0,0.0,NaN
West Census Region,331410,0.0,0.0,NaN,NaN,8.373383981999996,4.856814287999999,NaN,0.0,13.759605283999996
West Census Region,331511,0.0,0.022915508999999945,NaN,NaN,0.46799264399999996,NaN,NaN,0.0,1.246387011
West Census Region,331523,0.0,0.0,0.0,0.0,-0.92096003,NaN,NaN,0.0,-0.7424726119999998
West Census Region,331524,0.0,0.0,0.0,0.0,NaN,NaN,NaN,0.0,0.18927532800000035
West Census Region,334413,0.0,0.0,NaN,0.0,-2.59034040500001,-27.078248947999988,NaN,0.0,-29.413194293999986
West Census Region,336111,0.0,0.0,0.0,NaN,-1.4045938630000006,-1.969654507,0.0,0.0,-3.3517711319999997
West Census Region,336112,0.0,0.0,0.0,0.0,NaN,NaN,0.0,0.0,NaN
West Census Region,336411,0.0,0.0,NaN,NaN,1.4349289630000013,-0.11940049300000188,NaN,0.0,0.3892086529999981
